Title,Amazon Link,ASIN
"Adeptus Mechanicus Sicarians Warhammer 40,000",https://www.amazon.com/Adeptus-Mechanicus-Belisarius-Cawl-Warhammer/dp/B075R36H3Q/ref=sr_1_1?dib=eyJ2IjoiMSJ9.MrEiwKCGOyka4v7ckKFsnA5Q6XFxtBHbvviC-oXUa6XGjHj071QN20LucGBJIEps.mN2sJtS-47RPwhBFUG0a5emGOVl3ygELIKHGjV6-cAk&dib_tag=se&keywords=Adeptus+Mechanicus+Sicarians+Warhammer+40%2C000&qid=1728198122&sr=8-1,B075R36H3Q
Games Workshop 99070101036 Dark Angels Primaris Upgrades Miniature,https://www.amazon.com/Potted-Miniature-Decoration-Garden-Dollhouse/dp/B0BWJ845HB/ref=sr_1_fkmr0_1?dib=eyJ2IjoiMSJ9.XluNOw0m8QloAGthpVZvSL77tQYVc7zW4_GtUpPnscE.yFnapHuEI9ZzfNzV7O7uJjoeSfk2MpAX5YIoWbMkNL4&dib_tag=se&keywords=Games+Workshop+99070101036+Dark+Angels+Primaris+Upgrades+Miniature&qid=1728198129&sr=8-1-fkmr0,B0BWJ845HB
"Games Workshop - Warhammer 40,000 - Kill Team: Hand Of The Archon [video game]",https://www.amazon.com/Games-Workshop-Warhammer-Marines-Cultists/dp/B0B1BG8SMT/ref=sr_1_1?dib=eyJ2IjoiMSJ9.JHCZdOIBRpNJ8n8R-IgI4fTcmtEnIF5mbkPpAshPft_UGtnURXTF6vooQBToXaWeCs6uxs-ibYE81D4WDH_CvdCtoB6oD_Bg6K-GRhzBWrI.Iv3y4ik8hgcQ6-d3GO9eYFJ1HM24erI4Pyq-pHEec_E&dib_tag=se&keywords=Games+Workshop+-+Warhammer+40%2C000+-+Kill+Team%3A+Hand+Of+The+Archon+%5Bvideo+game%5D&qid=1728198134&sr=8-1,B0B1BG8SMT
"Games Workshop - Warhammer 40,000 - Leagues of Votann: Hearthkyn Warriors",https://www.amazon.com/Games-Workshop-Warhammer-Tyranids-Neurolictor/dp/B0CGV545FB/ref=sr_1_1?dib=eyJ2IjoiMSJ9.QzHVmDHVRVM6jqf4AgzjF2WG9WD5u03UDo-S4dUsg1SFy0kgdBLnbFafbJ9oPpYL.FIoj9qXGiKp8DB2awv9VTIiuXXCdNWy5haNWVN0X5Y4&dib_tag=se&keywords=Games+Workshop+-+Warhammer+40%2C000+-+Leagues+of+Votann%3A+Hearthkyn+Warriors&qid=1728198138&sr=8-1,B0CGV545FB
"Games Workshop - 99120112043 - Warhammer 40,000 - Combat Patrol: Drukhari",,
"Warhammer 40,000: Space Marines - Tactical Squad",https://www.amazon.com/Games-Workshop-Warhammer-000-Codex/dp/1839060697/ref=sr_1_1?dib=eyJ2IjoiMSJ9.luoRyuJ1pH5dPXS6FGfw_euUsVmsfX62vTAL8OiIBMuPnCUig75WgpF2BS5-bRYh6hXqIqxduRzDhyp_5RhBJgLKZwtVJnnO1hnEvJGZDM2DbxyO7FU5dRl6tf6mpy45b6CA24Hl7SGrnIjfOpzxxg.aXdSAmefg2Kys3t15QcfwjeeFL0sNrHKQasIqPc2yUg&dib_tag=se&keywords=Warhammer+40%2C000%3A+Space+Marines+-+Tactical+Squad&qid=1728198159&sr=8-1,1839060697
GAMES WORKSHOP Warhammer 40k - Empire Tau Commander Shadowsun,https://www.amazon.com/Games-Workshop-Warhammer-Boarding-Patrol/dp/B0BYZMR75F/ref=sr_1_1?dib=eyJ2IjoiMSJ9.CvNjKxHukodMcUnQm9HDz1nbqGbMh8vW-Pi87HYWA8HOeuD0NUR7haKikHdj_J3Y.xeJZjCn2jFLmx58mbbc38SFWENKB8b0C2FHLuaNrnJs&dib_tag=se&keywords=GAMES+WORKSHOP+Warhammer+40k+-+Empire+Tau+Commander+Shadowsun&qid=1728198165&sr=8-1,B0BYZMR75F
Warhammer Age of Sigmar - Kharadron Overlords Vanguard,https://www.amazon.com/Games-Workshop-99120205020-Kharadron-Overlords/dp/B071KQJJRW/ref=sr_1_1?dib=eyJ2IjoiMSJ9.UNnoeuMpjFzkBYxG41yjgA.UI-i9xDeTgnLyRkVVBEMZRaC_bAGASSR_YJtNnvybhw&dib_tag=se&keywords=Warhammer+Age+of+Sigmar+-+Kharadron+Overlords+Vanguard&qid=1728198170&sr=8-1,B071KQJJRW
Games Workshop 99120206023 Skaven Pestilens Verminlord Corruptor Miniature,https://www.amazon.com/Potted-Miniature-Decoration-Garden-Dollhouse/dp/B0BWJ845HB/ref=sr_1_fkmr0_1?dib=eyJ2IjoiMSJ9.XluNOw0m8QloAGthpVZvSL77tQYVc7zW4_GtUpPnscE.yFnapHuEI9ZzfNzV7O7uJjoeSfk2MpAX5YIoWbMkNL4&dib_tag=se&keywords=Games+Workshop+99120206023+Skaven+Pestilens+Verminlord+Corruptor+Miniature&qid=1728198175&sr=8-1-fkmr0,B0BWJ845HB
"Games Workshop - Warhammer 40,000 - Adepta Sororitas Penitent Engines/Engines of Redemption",https://www.amazon.com/Games-Workshop-Warhammer-000-Sacresants/dp/B0968R7668/ref=sr_1_1?dib=eyJ2IjoiMSJ9.8ycJQ-zG_b8S1qcCpJaU03cBQp-kub5-uGwfGKu-w47iN5czed-A_d6lnPgINORzslAFvkfCKDxy4OIYG108W_Qeqd1_NrMVUq4wbJOhB8w.Z8dJDlt5c8uSNDqEacdTDDNJ0bk9VUu0GmYhaknE3F4&dib_tag=se&keywords=Games+Workshop+-+Warhammer+40%2C000+-+Adepta+Sororitas+Penitent+Engines%2FEngines+of+Redemption&qid=1728198181&sr=8-1,B0968R7668
Games Workshop 99129915029 Warhammer Age of Sigmar Blue and Brimstone Horrors Action Figure,,
Games Workshop - Middle Earth Strategy Battle Game: The Lord of The Rings - Isengard Battlehost,https://www.amazon.com/Middle-Earth-Strategy-Battle-Game-Manual/dp/1839065117/ref=sr_1_1?dib=eyJ2IjoiMSJ9.Hj1Vg6PiuyShoh59HHzIDIN3FzuUoH7hRp4lGSf5IJ9fBHNNCA9aHg6b39gkNuuMI-VI2jzeJEQ2e-snr5utTJBxaFMTFQW2Wc4mNb8EI9T9OURUyqpRAEaqKoUrHpfE8IlWiP325UfiyFf_siueO3wRl819_QwM4nzabEM2T9TQ1VheI-Au_H-VOxiAtX3WuYz-bfqs8Y4P5P4jEGJ36BqRntRwT85kuAyQTR89th4.kZI0yi145QGTSYXNN6bQ0gm40yXYyLOuo7n622KRTpI&dib_tag=se&keywords=Games+Workshop+-+Middle+Earth+Strategy+Battle+Game%3A+The+Lord+of+The+Rings+-+Isengard+Battlehost&qid=1728198202&sr=8-1,1839065117
"Games Workshop Death Guard Daemon Primarch Mortarion Warhammer 40,000, 5 years to 99 years",https://www.amazon.com/Mortarion-Primarch-Imperium-Miniature-Wargaming/dp/B0DBJ5HL35/ref=sr_1_1?dib=eyJ2IjoiMSJ9.VDRVGAHTRmgx0Se_pZ_9-CUxH_N0QVydbqivM4QTX_rTyW6-enm87vaVcnpMdSVFhwiAQkHzn2dQFYVwEUVJBj4Hu94i6ZeHEvaHq05P1l_MlYIm8FdbQN7WejoPeabj.rNkz86gmeDZ_g7T0pVobIKU2VZOrwcjFLJPb36yGITI&dib_tag=se&keywords=Games+Workshop+Death+Guard+Daemon+Primarch+Mortarion+Warhammer+40%2C000%2C+5+years+to+99+years&qid=1728198206&sr=8-1,B0DBJ5HL35
"Games Workshop 99120102078 Death Guard Plague Marines Miniature, Black, 12 years to 99 years",,
Games Workshop Warhammer 40k - Space Marine Primaris Invictor Tactical Warsuit 48-98 Black,https://www.amazon.com/Thq-Warhammer-40-000-Space-Marine/dp/B004Z6A852/ref=sr_1_1?dib=eyJ2IjoiMSJ9.W4G792UY-KSKjy7MP4rdfgCsbe6G8mtT_9L0qHz-4e7GjHj071QN20LucGBJIEps.C8_rPpdiPIkff7-gOeGvjUfB-GM6inyolgpSq7DX90E&dib_tag=se&keywords=Games+Workshop+Warhammer+40k+-+Space+Marine+Primaris+Invictor+Tactical+Warsuit+48-98+Black&qid=1728198228&sr=8-1,B004Z6A852
"Warhammer 40,000: Adepta Sororitas Celestian Sacresants",https://www.amazon.com/Games-Workshop-Warhammer-40k-Daemonifuge/dp/B08BNPCD55/ref=sr_1_1?dib=eyJ2IjoiMSJ9.SnMnLK3q13n7jycooXWJ-tniJdxK8mBi3cO-qkGl5luH30eTeWktP1KPhTcoNd-S00pfF0DPRHmrND3GGF_tWY7R01iUPoKy_x0tHYhb4oyzYM3hxLr6omSutkozGijxXGFKtXEvPsWxKpdyseuRvpVrUNU_C7AI4RdXQ81IfHCEQIbttIZt9OZrmQT-vkOz.bir86lSSkjHLzMuWhfghXioIle5W17KxzbJ0HnWGFjE&dib_tag=se&keywords=Warhammer+40%2C000%3A+Adepta+Sororitas+Celestian+Sacresants&qid=1728198232&sr=8-1,B08BNPCD55
Games Workshop - Middle Earth Strategy Battle Game: The Lord of The Rings - Mordor Battlehost,https://www.amazon.com/Middle-Earth-Strategy-Battle-Game-Manual/dp/1839065117/ref=sr_1_1?dib=eyJ2IjoiMSJ9.Hj1Vg6PiuyShoh59HHzIDIN3FzuUoH7hRp4lGSf5IJ8gS1_97Uv7i5pmEc_XGiZH7jpapAmtQ4jy3ZOI0g0zg9oQqKLCRUjesGznr6Q5Sx9bos6Z4hF1zWpNREL6pBgIIKxnGO9INkOSs6IXbHq8ObQT6ppxJwkWx24qN2ohAcQjhSIdFhhqMy0lq4W4y8yVY9jEOjMBswHsfLzTSUvUetHc0icrCETjMqWfzbSotQQ.UYc_aIvN2AQwlugFHRei9x_Uh9xsSHOi4_eg6cVj7n8&dib_tag=se&keywords=Games+Workshop+-+Middle+Earth+Strategy+Battle+Game%3A+The+Lord+of+The+Rings+-+Mordor+Battlehost&qid=1728198239&sr=8-1,1839065117
"Warhammer Tau Empire Pathfinder Team 40,000",https://www.amazon.com/Games-Workshop-Warhammer-Boarding-Patrol/dp/B0BYZMR75F/ref=sr_1_1?dib=eyJ2IjoiMSJ9.CvNjKxHukodMcUnQm9HDz19sE9isINPFaid1zH5mIBHGjHj071QN20LucGBJIEps.TPiCWqcveM2HY1py0JLBJP7JohfnnQb2v8fc1sN5VvY&dib_tag=se&keywords=Warhammer+Tau+Empire+Pathfinder+Team+40%2C000&qid=1728198244&sr=8-1,B0BYZMR75F
"Warhammer 40,000: Introductory Set",https://www.amazon.com/Games-Workshop-Getting-Started-Warhammer/dp/183906062X/ref=sr_1_1?dib=eyJ2IjoiMSJ9.BOJB0XXpbdvOmg0HhKVKr5ibVcD-G5RYeGTYqJSWDp_ciC7-3Gb0jx_h1rzNYfMO8qnbW7GwpjunWQTPPHdo_iuLBlC6XbQZ7oD1IyFYR4E-rbAazWRX40ICxguIuBMDqUjVZSeNfr1NoY7B9Y5pd70rgeLGXWt56gxgByi1bjZKfdI0l-zIE6V2uqxZ9nuv.UeRgIW_flwpY3HxoCJkinIVTtR3mGk6uAWusW_KHe_E&dib_tag=se&keywords=Warhammer+40%2C000%3A+Introductory+Set&qid=1728198250&sr=8-1,183906062X
"Games Workshop - Warhammer 40,000 - Space Marines: Jump Pack Intercessors",https://www.amazon.com/Games-Workshop-Warhammer-000-Codex/dp/1839060697/ref=sr_1_1?dib=eyJ2IjoiMSJ9.XNu-Qf_q_a2XedgNWcY17C_VgjjEm2bamVIvJWtgsZ7xdtApigMxY30fNJScG1Sn6hXqIqxduRzDhyp_5RhBJgAfuBysNRAgxp9OGuVwS9FvlyzSU5sn7ZMLXcJa7t9i.XzVdPntZ8loSINCO3TAjl1ErI4bg2NqSgYX2vBXva5Q&dib_tag=se&keywords=Games+Workshop+-+Warhammer+40%2C000+-+Space+Marines%3A+Jump+Pack+Intercessors&qid=1728198256&sr=8-1,1839060697
Warhammer Age of Sigmar Games Workshop Slaves to Darkness: Chaos Chosen,https://www.amazon.com/Games-Workshop-Warhammer-Marines-Cultists/dp/B0B1BG8SMT/ref=sr_1_1?dib=eyJ2IjoiMSJ9.V8nM8Bq0qbuO9Pd5QJu_TccuVeDrOlVnF79Zxnd7Qm5RC74DPJ9aP0YUv0fXZ5wH2lGiDo-OjyTXDS6xusbh6q48Q-NohD2boj_JlTsWx8w.YmmaNf5EQGa_nei4dDvxENUpKc4dv0sy2Fo9MSlWTFM&dib_tag=se&keywords=Warhammer+Age+of+Sigmar+Games+Workshop+Slaves+to+Darkness%3A+Chaos+Chosen&qid=1728198260&sr=8-1,B0B1BG8SMT
Games Workshop Legion Cataphractii Terminator Squad,https://www.amazon.com/Cataphractii-Terminator-Loyalist-Miniature-Wargaming/dp/B0DC5F9TPZ/ref=sr_1_1?dib=eyJ2IjoiMSJ9.OTZh2Xjy4AS4ogOTNoXEcURVxw3AwZgsCLgaxvqQFbeA82urspVqjEx9qAG0Qb86yfwz9C5xUuOwbyMZWPZEbQ.i6OfAlcSJr5m71dNBVcwwlHiI0KTwjSPg6fhVsaTrv4&dib_tag=se&keywords=Games+Workshop+Legion+Cataphractii+Terminator+Squad&qid=1728198266&sr=8-1,B0DC5F9TPZ
Warhammer 40K Ultramarines Roboute Guilliman,https://www.amazon.com/JoyToy-Warhammer-40k-Ultramarines-Primaris/dp/B0C4R4SKL9/ref=sr_1_1?dib=eyJ2IjoiMSJ9.sJ-2p-z1fkPaa7-mnVCgrxzDgUKPhbkLCQpXkH_aFzIpwUw1pdukalfKPPMx9LAuxmb0Z11g_v-iLo0Dd71Zrakr6AkfJZu-LOZr8QPcR2vctofXEw9BA6iDEMaZ9hGP0b-HsTSdUbjOlZcg7W6lJEFnFvFlwGSgBjP2Zald3sxkTdwgSGsQhAk_ACVPpTM5sTpUQTzHLUb7BW3cp4xPoepB7_w7FnDo3E_w1VyNfaI.pNDFj6bi0jF30XTeGkKpM62skPnkTeDCwSq9JlzaVc0&dib_tag=se&keywords=Warhammer+40K+Ultramarines+Roboute+Guilliman&qid=1728198272&sr=8-1,B0C4R4SKL9
"Games Workshop - Warhammer 40,000 - Chaos Space Marines Abaddon The Despoiler",https://www.amazon.com/Abaddon-Despoiler-Miniature-Wargaming-Painting/dp/B0DBJ4SRKQ/ref=sr_1_1?dib=eyJ2IjoiMSJ9.MkAdh9THjWOx0TW7cXcmiMHQzjTzlIs5bD_2dND1QDhp6Up4IJr13mEc4fMh2a8Bq6b2-fq4QpouhlTsU0bOCw.l8ggG9cOJc6QJXYDYbnX0rQS6tyPSnP_HTn35yFQmxo&dib_tag=se&keywords=Games+Workshop+-+Warhammer+40%2C000+-+Chaos+Space+Marines+Abaddon+The+Despoiler&qid=1728198279&sr=8-1,B0DBJ4SRKQ
"Space Marines Primaris Apothecary Warhammer 40,000",https://www.amazon.com/Warhammer-40K-Primaris-Repulsor-Executioner/dp/B07TT7XVVF/ref=sr_1_1_mod_primary_new?dib=eyJ2IjoiMSJ9.6zN6sFpLgIUCiCNgZRciqQEGedvMm2QE89kCXefOa166gteuqnnDrDvGlFfEnAkuFNcVsFra3J5XvKXdd-LPPO3DcllrVcYE7OEpNLTy8NhD0bx0qTghetc5Ca7UcnmP.nw97xeobvUH_qxDK7lKUyl-ZfthlaVepjbuoV62DPvM&dib_tag=se&keywords=Space+Marines+Primaris+Apothecary+Warhammer+40%2C000&qid=1728198285&sbo=RZvfv%2F%2FHxDF%2BO5021pAnSA%3D%3D&sr=8-1,B07TT7XVVF
Games Workshop Warhammer 40k - Space Marine Primaris Quad Invader,https://www.amazon.com/Games-Workshop-Warhammer-000-Codex/dp/1839060697/ref=sr_1_1?dib=eyJ2IjoiMSJ9.luoRyuJ1pH5dPXS6FGfw_YvwnpXfIiCOaPXGv59l3rcDPZmiU177-eRS1nOCN9jBMxek9lR-CmzJcN2nD5w_xpEqKOVgbst7_YHDb5XmqUk.p-lwOh9PKFfnJAyJRNC8AN2544qxmSiSHtl2lG_T11A&dib_tag=se&keywords=Games+Workshop+Warhammer+40k+-+Space+Marine+Primaris+Quad+Invader&qid=1728198291&sr=8-1,1839060697
Warhammer AoS - Sylvaneth Warsong Revenant,https://www.amazon.com/Starving-Revenant-338-Borderless-Caverns/dp/B0DF2BHPDS/ref=sr_1_1?dib=eyJ2IjoiMSJ9.ns2UMxULevUMQ1dH_OOfGMgKox3dFe8J6IXkpRrrLJtKMgA9rOsl5vvo-M9Zunww.u6odjRGShRfl0mwLOrZ7lNomXP-Myv_RLmVf88fGJs8&dib_tag=se&keywords=Warhammer+AoS+-+Sylvaneth+Warsong+Revenant&qid=1728198295&sr=8-1,B0DF2BHPDS
Warhammer 40k - Genestealer Cults Neophyte Hybrids,https://www.amazon.com/Citadel-Genestealer-Achilles-Ridgerunner-Warhammer/dp/B07NFFJWLF/ref=sr_1_1?dib=eyJ2IjoiMSJ9.VWdSkKKBfqXfbHhuziINEMBk8McFR6VMYH4PEoLpGVAyQSyfYg1j1Hj0DMCu-a1TUjbX99-9tqk1Tpq_AoMqsLYGt_kUBicX12DMbeAM7IA.TEMTgJPmeIX8ku8EMcpO-9qn1-O7n0fzdo4IJz_4zyU&dib_tag=se&keywords=Warhammer+40k+-+Genestealer+Cults+Neophyte+Hybrids&qid=1728198301&sr=8-1,B07NFFJWLF
"Games Workshop - Warhammer 40,000 - Aeldari: Rangers",https://www.amazon.com/Aeldari-Shroud-Runners-Warhammer-000/dp/B09W2RF2W4/ref=sr_1_1?dib=eyJ2IjoiMSJ9.MbHMeQFYgreVVQsg5gJV291kabQFG2eFmBiTJI8qjgIXyrPj0kTOGCevRYVoZ_j1Gc5FVbs0P98_oMp00G2BgpYA69UWrBIMX9N9TEpESIk.f2E7h-VkRWf-9EWyS02DE3IG0jFxa7Gv2JKPOgUqf-s&dib_tag=se&keywords=Games+Workshop+-+Warhammer+40%2C000+-+Aeldari%3A+Rangers&qid=1728198305&sr=8-1,B09W2RF2W4
"Games Workshop - Warhammer 40,000 - Leagues of Votann: Hernkyn Pioneers",https://www.amazon.com/Warhammer-Sigmar-Path-Glory-Book/dp/B0745469KP/ref=sr_1_1?dib=eyJ2IjoiMSJ9.WKafLREjW7EDTGJ-IZAA_XO1eGc6wx6LjmOhZn5B-gE_dDquTGAbopgVn5CswPbVkTHcl4l-EuDj2MldEO8WE9CtoB6oD_Bg6K-GRhzBWrI.lo6OWyq94jeGuQBS4HkAQs6U_xlP96AthbiZBULORxE&dib_tag=se&keywords=Games+Workshop+-+Warhammer+40%2C000+-+Leagues+of+Votann%3A+Hernkyn+Pioneers&qid=1728198312&sr=8-1,B0745469KP
"Games Workshop - Warhammer 40,000 - Adepta Sororitas: Aestred Thurga Relinquant at Arms",https://www.amazon.com/Games-Workshop-Warhammer-40k-Daemonifuge/dp/B08BNPCD55/ref=sr_1_1?dib=eyJ2IjoiMSJ9.SnMnLK3q13n7jycooXWJ-lxmFLw4qTcrUBoQGuiuCv8EeWyF3NzZ9q26GlyM3EUHXYUpolpCUlujN5CsllAa14I-iqhUJp51UGBavR4uK1evDUYNRhXcC4x2VCjrSwOu.91kCQCYPOCANPgZaFdwYrh8LRajCupKC8wT8mmkLRbg&dib_tag=se&keywords=Games+Workshop+-+Warhammer+40%2C000+-+Adepta+Sororitas%3A+Aestred+Thurga+Relinquant+at+Arms&qid=1728198318&sr=8-1,B08BNPCD55
Games Workshop Warhammer NECROMUNDA: PALANITE Enforcer Patrol,https://www.amazon.com/Games-Workshop-Necromunda-Goliath-Gang/dp/B0779Q1K7P/ref=sr_1_1?dib=eyJ2IjoiMSJ9.03xAwFOzX2NVBrsBf6ATZg.hvufxm5rhh50bycyXns8JqlF_2icxOr7Tc7AiGmf8uQ&dib_tag=se&keywords=Games+Workshop+Warhammer+NECROMUNDA%3A+PALANITE+Enforcer+Patrol&qid=1728198325&sr=8-1,B0779Q1K7P
"Warhammer Games Workshop 40,000 - Chaos Space Marines Fabius Bile",https://www.amazon.com/Games-Workshop-Warhammer-000-Codex/dp/1839060697/ref=sr_1_1?dib=eyJ2IjoiMSJ9.luoRyuJ1pH5dPXS6FGfw_YW4iCw0LmotaVBt1fqsVovGjHj071QN20LucGBJIEps.kcjPVt3MdTS7HCDJiFd3Yv-Xb_UA4DMADl64JoHqKF4&dib_tag=se&keywords=Warhammer+Games+Workshop+40%2C000+-+Chaos+Space+Marines+Fabius+Bile&qid=1728198330&sr=8-1,1839060697
"Games Workshop - Warhammer 40,000 - Kill Team: Legionaries",https://www.amazon.com/Kill-Team-Veteran-Guardsmen-Warhammer/dp/B09QXPBMVF/ref=sr_1_1?dib=eyJ2IjoiMSJ9.0bsnSt_3EuTnEnChwFYFE5Zp82KJuC06lzJN9ZYXHsjGjHj071QN20LucGBJIEps.H0vcR2VdGuHJPSiic4yO72TlL-MhgneMfh1slNJUfq0&dib_tag=se&keywords=Games+Workshop+-+Warhammer+40%2C000+-+Kill+Team%3A+Legionaries&qid=1728198335&sr=8-1,B09QXPBMVF
"Games Workshop - Warhammer 40,000 - Leagues of Votann: Grimnyr",https://www.amazon.com/Warhammer-Sigmar-Path-Glory-Book/dp/B0745469KP/ref=sr_1_1?dib=eyJ2IjoiMSJ9.WKafLREjW7EDTGJ-IZAA_Qcx5I9bkoGB9MaYqNIBtznGjHj071QN20LucGBJIEps.cFPVWwBG1q0QEpoQp2pi2iRFZWpmiZng-Gbgvp2aMmA&dib_tag=se&keywords=Games+Workshop+-+Warhammer+40%2C000+-+Leagues+of+Votann%3A+Grimnyr&qid=1728198342&sr=8-1,B0745469KP
Ork Stormboyz Warhammer 40K Miniature Set,https://www.amazon.com/BLOOMAGE-JOYTOY-BEIJING-TECH-Warhammer/dp/B0B4X3HF78/ref=sr_1_1?dib=eyJ2IjoiMSJ9.yXNCMhRp9VlHZh_UzJ9Vh8ZGnWi6rF1No5PiQ47pJMi-r82-enKOF2_2mJFZnMydqYeBI-X5V_QXF3jLibqzWDTd9KVNau3IJAU_nAYC4lu2S__TXSkxq682gqlQk82D563b8aSeekT-OeSw6OYmLKLrVotpbb7FuoaEq4HeKRCq9M7w0Q93xPatJnEWWxtj.OvNynize7GeRfzAtSXs1MYYTRSgdKTnhvkRHIQjhZK4&dib_tag=se&keywords=Ork+Stormboyz+Warhammer+40K+Miniature+Set&qid=1728198349&sr=8-1,B0B4X3HF78
"Games Workshop - Warhammer 40,000 - Blood Angels: Death Company Intercessors",https://www.amazon.com/Games-Workshop-Warhammer-Angels-Mephiston/dp/B0821QPJJP/ref=sr_1_1?dib=eyJ2IjoiMSJ9.buXsDdq2iVLowIrRdMkTa1fkN_FNPEeCnpwN4doBOsmX31Hj7k3n_PhlVig_Ucxoj3m1SRzBj7XQM5hvNs7mZfZIVi7Ra5TraYLOXQrsCrqciTArXqpIAyLItpLzq6bLVkYzhNmWxDZLDDSNBjxTM6HVcB-vam6n2R8ociF8DL2p2N0u01DdKV9OCGs_oYp-.km44Eh_Zj3cclWhh7KCJq7904cWJqLOv6_suTo0-Vgo&dib_tag=se&keywords=Games+Workshop+-+Warhammer+40%2C000+-+Blood+Angels%3A+Death+Company+Intercessors&qid=1728198354&sr=8-1,B0821QPJJP
Games Workshop 64-71 Warhammer Middle Earth - Fellowship of The Ring,https://www.amazon.com/Games-Workshop-Middle-Earth-SBG-Gondor/dp/B0BZPJ4KJ4/ref=sr_1_1?dib=eyJ2IjoiMSJ9.2WeZtegv_MGk0to9tkKVEBzqsD4MnvTYsN3sf8fx03boQhZ1FYOxmkW6k6kGkLG2hplZXUbWZUbNrt4qnl5QsXIAA9wZ2w_2KGl4Zm3qztwfsb-Ryb57OTNx_fsuE6mxSlL178Y4dAjf1uapkjRhn6Q_nhPnL9zI0rsEdgEE5x-X0GJHQX2DfuYpqDuGmTC4.gK2OJoN3XJrssV3xnMbHcyBwPoXrcas-gsgel5RXD-k&dib_tag=se&keywords=Games+Workshop+64-71+Warhammer+Middle+Earth+-+Fellowship+of+The+Ring&qid=1728198359&sr=8-1,B0BZPJ4KJ4
"Warhammer 40,000: Tyranids - Lictor",https://www.amazon.com/Games-Workshop-Warhammer-Tyranids-Neurolictor/dp/B0CGV545FB/ref=sr_1_1?dib=eyJ2IjoiMSJ9.lloce13AijyGNn-5C8lJaGDpw989r_87Z7nVjsFPX2WFy0kgdBLnbFafbJ9oPpYL.l5DurIqVbUX5Taxz4qDkK-SvjiSAqX5uNJnTfY1KG6U&dib_tag=se&keywords=Warhammer+40%2C000%3A+Tyranids+-+Lictor&qid=1728198365&sr=8-1,B0CGV545FB
"Combat Patrol Leagues of Votann Warhammer 40,000",https://www.amazon.com/Warhammer-40k-Leagues-Brokhyr-Iron-Master/dp/B0BK9MRJP3/ref=sr_1_1?dib=eyJ2IjoiMSJ9.rWhbpDSsrybUcZAx7TlUZDrLxrcJZyYqpjdaUPnpKQB4_tFPcKmHxyMAm_bEpBugSDpHfbooRrvPJKKi62CpZA.QoYPOKmeQxh8Q9fk8YhqQF1tPrkXumm5CZZAejJ5qXw&dib_tag=se&keywords=Combat+Patrol+Leagues+of+Votann+Warhammer+40%2C000&qid=1728198372&sr=8-1,B0BK9MRJP3
"Games Workshop 99120218010 Start Collecting Stormcast Eternals Tabletop and Miniature Gaming, 12 years to 99 years",,
Warhammer - Horus Heresy: CERASTUS Knight Acheron,https://www.amazon.com/Cerastus-Legiones-Astartes-Miniature-Wargaming/dp/B0DHD7154S/ref=sr_1_1?dib=eyJ2IjoiMSJ9.-_lokb_htdF-_UFUqDhbV_dnFjfGB4CB0YQhoTj0Adw.0suYIAYhQAZ1hNO-BJwqCrtF8fJ-aUokCipRxd7uYCs&dib_tag=se&keywords=Warhammer+-+Horus+Heresy%3A+CERASTUS+Knight+Acheron&qid=1728198395&sr=8-1,B0DHD7154S
"Warhammer 40,000: Necrons - Canoptek Spyder",https://www.amazon.com/Warhammer-40k-Lychguard-Praetorians-Workshop/dp/B0785RHJYS/ref=sr_1_1?dib=eyJ2IjoiMSJ9.kZiINSoxTw368_aMLn_mY1KhITIwdnsC3kuVt0BtBl4rsSK-cUw7N2JcQoXjObIZ.RlPxjCA7yyoSYQqLdZr5AjVsuX9SeprLgHEqUWGpKyU&dib_tag=se&keywords=Warhammer+40%2C000%3A+Necrons+-+Canoptek+Spyder&qid=1728198401&sr=8-1,B0785RHJYS
"Games Workshop - Warhammer 40,000 - Leagues of Votann: The Ancestors Wrath",https://www.amazon.com/Games-Workshop-Warhammer-Tyranids-Neurolictor/dp/B0CGV545FB/ref=sr_1_1?dib=eyJ2IjoiMSJ9.KCiGP2U3GqwIL9H9gfLij1q3_vVOPXqadfWDCEp-FoFnjWEKbg53Mpq48Zwvb_TUCl51bpjPpIFyyTw5TMcFpwIcB6qixeV2bo7aUkvYN689jmPvR9R4huqsvZMkDwXH_my9JdqR8EHezYNkPf7HOg.Fm9n_TyRYOa9KlY-5rPvVo1074XtOqp-ifrPnZfmSKM&dib_tag=se&keywords=Games+Workshop+-+Warhammer+40%2C000+-+Leagues+of+Votann%3A+The+Ancestors+Wrath&qid=1728198406&sr=8-1,B0CGV545FB
"Games Workshop - Warhammer 40,000 - Combat Patrol: Genestealer Cults",https://www.amazon.com/Citadel-Genestealer-Achilles-Ridgerunner-Warhammer/dp/B07NFFJWLF/ref=sr_1_1?dib=eyJ2IjoiMSJ9.V9Aj-uzvVGgiFhKhtYm888XAlPinmI7oIjfsW4I4w_EyQSyfYg1j1Hj0DMCu-a1TtEoPH104QAMj2fY4qsMfo8Z8Ym25dGb7MD0Ky3lw5Ymn85KmmxLrAhOJtUWC27Pi294tzg2nRT9g9rl5UEiTSg.LNtvXt_1rKWdDvJ__wtN-QJRpfRDw8_b1FE-Nr27HIQ&dib_tag=se&keywords=Games+Workshop+-+Warhammer+40%2C000+-+Combat+Patrol%3A+Genestealer+Cults&qid=1728198411&sr=8-1,B07NFFJWLF
"Games Workshop - Warhammer 40,000 - Boarding Patrol: Adeptus Mechanicus",https://www.amazon.com/Games-Workshop-Warhammer-Boarding-Patrol/dp/B0BYZN3WD7/ref=sr_1_1?dib=eyJ2IjoiMSJ9.v25Sle878HHm-BXcxLXwg2ke5Ljqhk3BxwUCCKJUnP8B0gH0ehVSG96GBSI7eTQY_n2DbkkZ4ILOYAJDelcfDXduCr80ZbCDlPdwJL-bYXE.FRJDiM3JTbmpYcWCg7vS6PCn3Ud9eWJwizcbOkpQUvI&dib_tag=se&keywords=Games+Workshop+-+Warhammer+40%2C000+-+Boarding+Patrol%3A+Adeptus+Mechanicus&qid=1728198418&sr=8-1,B0BYZN3WD7
Orks - Goff Rocker,https://www.amazon.com/Rocker-Painted-Miniature-Wargaming-Painting/dp/B0DC4H3J18/ref=sr_1_1?dib=eyJ2IjoiMSJ9.L8Vd_TKlLyNmpdgymV-z_w.SrWsQBoKL8B1vTBil0Dc7fy7b2rh8CNGCebnoTdHUSU&dib_tag=se&keywords=Orks+-+Goff+Rocker&qid=1728198423&sr=8-1,B0DC4H3J18
"Warhammer 40,000: Necromunda - Gawdor Redemptionists",https://www.amazon.com/Warhammer-99120599034-Necromunda-Goliath-Maulers/dp/B0BDZLS6XM/ref=sr_1_1?dib=eyJ2IjoiMSJ9.a8nQB8Mw8iEavNYNK_E5nWIBTaN4RDwM58NTw7mOLBiKdflAzwAFJh1-R5XRRjTw.no9qSW4RLoLEjH8FE6PRrL0Y29MoTmO7kjuQyJvvEAg&dib_tag=se&keywords=Warhammer+40%2C000%3A+Necromunda+-+Gawdor+Redemptionists&qid=1728198430&sr=8-1,B0BDZLS6XM
"Games Workshop - Warhammer 40,000 - Necrons Chronomancer",https://www.amazon.com/Games-Workshop-Warhammer-Tyranids-Neurolictor/dp/B0CGV545FB/ref=sr_1_1?dib=eyJ2IjoiMSJ9.DgLXI_kchS148cWln8oeZHgF82TGrA_DL81WVEI13xDGjHj071QN20LucGBJIEps.rP3BIMrEHBLKVguNGgrTNMKo-rwUJ7hNQiPGf1fOGns&dib_tag=se&keywords=Games+Workshop+-+Warhammer+40%2C000+-+Necrons+Chronomancer&qid=1728198435&sr=8-1,B0CGV545FB
Games Workshop Warhammer 40k - Grey Knights Castellan Crowe,https://www.amazon.com/Castellan-Imperium-Miniature-Wargaming-Painting/dp/B0DBFD5YR6/ref=sr_1_1?dib=eyJ2IjoiMSJ9.0Cq508flx5Owa5S1-qd49t1ZRbIpj-PJnznhNLd9PpIhbGexhnl3WIX-Ag8JOmbS.j2F9jq9nx2JMKm4Gr2aJ4aWyKwikQIVzVKSKCaHNQX4&dib_tag=se&keywords=Games+Workshop+Warhammer+40k+-+Grey+Knights+Castellan+Crowe&qid=1728198441&sr=8-1,B0DBFD5YR6
Games Workshop Warhammer 40k - Astra Militarum Lord Castellan Ursula Creed,https://www.amazon.com/Games-Workshop-Warhammer-40K-Militarum/dp/B07WMWZCYB/ref=sr_1_1?dib=eyJ2IjoiMSJ9.NmbnwxDc_Gwan1pp4qWD5hR-HpVO8NGZs0GtyDy-duety3wEtrlKnmgB8LBMQhlmikog3995dOWp8zabXMnrcrJbyymPfZPC988x61sDf84GMbwrLoxZBeq6L4WhiswC.diCaZ2cMCbs2gGVhw5eE_LbUpIV48tZsGsvXKcGepXI&dib_tag=se&keywords=Games+Workshop+Warhammer+40k+-+Astra+Militarum+Lord+Castellan+Ursula+Creed&qid=1728198445&sr=8-1,B07WMWZCYB
Games Workshop Warhammer 40k - Astra Militarum Solar Lord Leontus,https://www.amazon.com/Games-Workshop-Warhammer-40K-Militarum/dp/B07WMWZCYB/ref=sr_1_1?dib=eyJ2IjoiMSJ9.NmbnwxDc_Gwan1pp4qWD5i52n1VTFd2JBc8lu8Puu8ey130AlH7dCc3_oE-doXpdG5g3BP8SMlhWmLc1vxFexg.V3A0PtQs5pZMip2W6gVhoV5rs-1uIc5xYlxScFSA14Q&dib_tag=se&keywords=Games+Workshop+Warhammer+40k+-+Astra+Militarum+Solar+Lord+Leontus&qid=1728198451&sr=8-1,B07WMWZCYB
Games Workshop Warhammer 40k - Kill Team: Kasrkins,https://www.amazon.com/Games-Workshop-103-11-Kill-Codex/dp/1839068310/ref=sr_1_1?dib=eyJ2IjoiMSJ9.KpoCeQPUYFSjOIynSu0rrg0WcFetDc1PvYu5Ssa0X2D8Z7EPlbUoJ9EAdHd0bX9YEnHkqcG2cTuuDR30sptu7g.ZgXl979O4MULJ7ai2jIghb68Y6qy67OMCo7tUyB7wtU&dib_tag=se&keywords=Games+Workshop+Warhammer+40k+-+Kill+Team%3A+Kasrkins&qid=1728198458&sr=8-1,1839068310
"Warhammer 40,000: Space Wolves Grey Hunters",https://www.amazon.com/Grey-Hunter-Space-Wolves-Warhammer/dp/B0CNH8SBC4/ref=sr_1_1?dib=eyJ2IjoiMSJ9.WUzjLghigSw3k-2B9ghl86rzedMom0RqmeNgxb8PFDNDLHZhwTHOx2VT6G-a586-DYHeCm3Tw5EqnLeSG9yuiTyHgmrYbCJO46xscfET26EDUJ2OfnWbzD0Fh77nFJMBVsVfvyAVkjuzKP-frqLPkQUusfiJ2Ss6v1KRznQwUr1P4RkStwY0aaAvYweVgScn.ViRJ_BK0T74JeUqC8DakOBmo4ZQiipf1IlyW77iH6ns&dib_tag=se&keywords=Warhammer+40%2C000%3A+Space+Wolves+Grey+Hunters&qid=1728198464&sr=8-1,B0CNH8SBC4
